{
    "DELTA": 0.0027885359691576742,
    "PHI_X": -0.018999569791093324,
    "PHI_Y": -0.00899882726523523,
    "PHI_Z": -0.01107157047404709,
    "THETA_NP": 0.002364712141640124,
    "EPS_X": 0.0035339897484582255,
    "EPS_Y": 0.007843591354096907,
    "EPS_Z": -0.008261223347411677
}